[
  {
    "id": 1,
    "nama": "Oli Mobil",
    "harga": 125000,
    "deskripsi": "Oli mobil berkualitas tinggi, dijamin original.",
    "imagePath": "img/oliMobil.png",
    "tokoId": 1,
    "stok": 10,
    "kategori": "Otomotif"
  },
  {
    "id": 2,
    "nama": "Oli Motor",
    "harga": 100700,
    "deskripsi": "Oli motor original dengan performa tinggi.",
    "imagePath": "img/oliMotor.png",
    "tokoId": 1,
    "stok": 20,
    "kategori": "Otomotif"
  },
  {
    "id": 3,
    "nama": "Filter Udara Mobil",
    "harga": 75000,
    "deskripsi": "Filter udara mobil kualitas OEM.",
    "imagePath": "img/filterUdara.png",
    "tokoId": 2,
    "stok": 15,
    "kategori": "Suku Cadang"
  }
]